idx,shopify_id,titulo_shopify,url_resuelta,score,sospechoso
1,15509672296835,CALIBRA CAT ADULT POUCH MULTIPAK CAJA 12X100G,https://www.mycalibra.es/calibra-cat-premium-adult-pouches-multipack-12x100g,0.50,
2,15509672395139,CALIBRA CAT ADULT POUCH PATO POLLO CAJA 24X100GR,https://www.mycalibra.es/calibra-cat-premium-adult-duck-chicken-100g,0.64,
3,15509672460675,CALIBRA CAT ADULT POUCH TRUCHA SALMON CAJA 24X100GR,https://www.mycalibra.es/calibra-cat-life-adult-salmon-200g,0.46,
4,15509672526211,CALIBRA CAT KITTEN POUCH MULTIPACK CAJA 12X100GR,https://www.mycalibra.es/calibra-cat-premium-kitten-pouches-multipack-12x100g,0.50,
5,15509672558979,CALIBRA CAT KITTEN POUCH PAVO POLLO CAJA 24X100GR,https://www.mycalibra.es/calibra-cat-premium-kitten-turkey-chicken-100g,0.64,
6,15509672624515,CALIBRA CAT KITTEN POUCH SALMON CAJA 24X100GR,https://www.mycalibra.es/calibra-cat-premium-kitten-salmon-100g,0.55,
7,15509672755587,CALIBRA CAT LIFE ADULT ARENQUE,https://www.mycalibra.es/calibra-cat-life-adult-herring,0.70,
8,15509672853891,CALIBRA CAT LIFE ADULT CORDERO,https://www.mycalibra.es/calibra-cat-life-adult-lamb,0.90,
9,15509672886659,CALIBRA CAT LIFE ADULT POLLO 6KG,https://www.mycalibra.es/calibra-cat-life-adult-chicken,0.82,
10,15509673083267,CALIBRA CAT LIFE KITTEN POLLO,https://www.mycalibra.es/calibra-cat-life-kitten-chicken,0.90,
11,15509673148803,CALIBRA CAT LIFE LATA ADULT POLLO 6X200GR,https://www.mycalibra.es/calibra-cat-life-adult-chicken,0.75,
12,15509673181571,CALIBRA CAT LIFE LATA ADULT SALMON 6X200GR,https://www.mycalibra.es/calibra-cat-life-adult-salmon-200g,0.73,
13,15509673279875,CALIBRA CAT LIFE LATA ADULT TERNERA 6X200GR,https://www.mycalibra.es/calibra-cat-life-adult-beef-200g,0.64,
14,15509673312643,CALIBRA CAT LIFE LATA KITTEN POLLO 6X200GR,https://www.mycalibra.es/calibra-cat-life-kitten-chicken,0.75,
15,15509673345411,CALIBRA CAT LIFE LATA SENSITIVE CONEJO 6X200GR,https://www.mycalibra.es/calibra-cat-life-sensitive-rabbit-200g,0.75,
16,15509673443715,CALIBRA CAT LIFE LATA SENSITIVE CORDERO 6X200GR,https://www.mycalibra.es/calibra-cat-life-sensitive-lamb-200g,0.75,
17,15509673476483,CALIBRA CAT LIFE LATA STERILISED PATO 6X200GR,https://www.mycalibra.es/calibra-cat-life-sterilised-duck-200g,0.77,
18,15509673509251,CALIBRA CAT LIFE LATA STERILISED PAVO 6X200GR,https://www.mycalibra.es/calibra-cat-life-sterilised-turkey-200g,0.77,
19,15509673574787,CALIBRA CAT LIFE POUCH ADULT BUEY EN SALSA 28X85GR,https://www.mycalibra.es/calibra-cat-life-adult-beef-200g,0.56,
20,15509673673091,CALIBRA CAT LIFE POUCH ADULT MULTIPACK 12X85GR,https://www.mycalibra.es/calibra-cat-life-pouches-adult-multipack-12x85g,0.67,
21,15509673705859,CALIBRA CAT LIFE POUCH ADULT PATO EN SALSA 28X85GR,https://www.mycalibra.es/calibra-cat-life-pouch-adult-duck-in-gravy-85g,0.62,
22,15509673738627,CALIBRA CAT LIFE POUCH ADULT PAVO EN SALSA 28X85GR,https://www.mycalibra.es/calibra-cat-life-pouch-adult-turkey-in-gravy-85g,0.62,
23,15509673804163,CALIBRA CAT LIFE POUCH ADULT TERNERA EN SALSA 28X85GR,https://www.mycalibra.es/calibra-cat-life-pouch-adult-veal-in-gravy-85g,0.59,
24,15509673836931,CALIBRA CAT LIFE POUCH KITTEN MULTIPACK 12X85GR,https://www.mycalibra.es/calibra-cat-life-pouches-kitten-multipack-12x85g,0.67,
25,15509673869699,CALIBRA CAT LIFE POUCH KITTEN PAVO EN SALSA 28X85GR,https://www.mycalibra.es/calibra-cat-life-pouch-kitten-turkey-in-gravy-85g,0.62,
26,15509674000771,CALIBRA CAT LIFE POUCH KITTEN SALMON EN SALSA 28X85GR,https://www.mycalibra.es/calibra-cat-life-pouch-kitten-salmon-in-gravy-85g,0.60,
27,15509674033539,CALIBRA CAT LIFE POUCH STERILISED MULTIPACK 12X85GR,https://www.mycalibra.es/calibra-cat-life-pouches-sterilised-multipack-12x85g,0.69,
28,15509674066307,CALIBRA CAT LIFE POUCH STERILISED PATO EN SALSA 28X85GR,https://www.mycalibra.es/calibra-cat-life-sterilised-duck-200g,0.67,
29,15509674099075,CALIBRA CAT LIFE POUCH STERILISED SALMÓN EN SALSA 28X85GR,https://www.mycalibra.es/calibra-cat-life-pouch-sterilised-salmon-in-gravy-85g,0.62,
30,15509674230147,CALIBRA CAT LIFE STERILISED POLLO,https://www.mycalibra.es/calibra-cat-life-sterilised-chicken,0.91,
31,15509674393987,CALIBRA CAT LIFE STERILISED TERNERA,https://www.mycalibra.es/calibra-cat-life-sterilised-beef,0.77,
32,15509674426755,CALIBRA CAT POUCH ADULT CORDERO POLLO CAJA 24X100GR,https://www.mycalibra.es/calibra-cat-life-adult-chicken,0.47,
33,15509674459523,CALIBRA CAT POUCH POLLO TERNERA CAJA 24X100GR,https://www.mycalibra.es/calibra-cat-premium-adult-chicken-beef-100g,0.44,REVISAR
34,15509674525059,CALIBRA CAT PREMIUM ADULT CARNE DE AVE,https://www.mycalibra.es/calibra-cat-premium-adult-pouches-multipack-12x100g,0.55,
35,15509674688899,CALIBRA CAT PREMIUM ADULT CARNE VACUNO,https://www.mycalibra.es/calibra-cat-premium-adult-pouches-multipack-12x100g,0.55,
36,15509674885507,CALIBRA CAT PREMIUM ADULT PAVO,https://www.mycalibra.es/calibra-cat-premium-line-adult-turkey,0.80,
37,15509675016579,CALIBRA CAT PREMIUM ESTERLIZADO CARNE DE AVE,https://www.mycalibra.es/calibra-cat-verve,0.38,REVISAR
38,15509675213187,CALIBRA CAT PREMIUM KITTEN CARNE DE AVE,https://www.mycalibra.es/calibra-cat-premium-kitten-salmon-100g,0.60,
39,15509675311491,CALIBRA CAT STERILISED POUCH HIGADO CAJA 24X100GR,https://www.mycalibra.es/calibra-cat-premium-sterilised-liver-100g,0.46,
40,15509675377027,CALIBRA CAT STERILISED POUCH MULTIPACK CAJA 12X100GR,https://www.mycalibra.es/calibra-cat-life-pouches-sterilised-multipack-12x85g,0.50,
41,15509675409795,CALIBRA CAT STERILISED POUCH SALMON CAJA 24X100GR,https://www.mycalibra.es/calibra-cat-premium-sterilised-salmon-100g,0.58,
42,15509675442563,CALIBRA DOG EXPERT NUTRITION ENERGY 12KG,https://www.mycalibra.es/calibra-dog-en-energy-new,0.50,
43,15509675508099,CALIBRA DOG EXPERT NUTRITION LIGHT,https://www.mycalibra.es/calibra-dog-en-light-new,0.45,
44,15509675671939,CALIBRA DOG EXPERT NUTRITION MOBILITY,https://www.mycalibra.es/calibra-dog-en-mobility-new,0.50,
45,15509675835779,CALIBRA DOG EXPERT NUTRITION NEUTERED 2KG,https://www.mycalibra.es/calibra-expert-nutrition,0.44,REVISAR
46,15509675868547,CALIBRA DOG EXPERT NUTRITION SENSITIVE SALMON,https://www.mycalibra.es/calibra-dog-en-sensitive-salmon-new,0.50,
47,15509676065155,CALIBRA DOG GF VERVE ADULT CERDO Y VENADO CAJA 6X400GR,https://www.mycalibra.es/calibra-dog-verve-gf-adult-pork-venison-400g,0.64,
48,15509676130691,CALIBRA DOG GF VERVE ADULT JABALÍ Y TERNERA CAJA 6X400GR,https://www.mycalibra.es/calibra-dog-verve-gf-adult-wild-boar-beef-400g,0.53,
49,15509676163459,CALIBRA DOG GF VERVE ADULT POLLO Y PATO CAJA 6X400GR,https://www.mycalibra.es/calibra-dog-verve-gf-adult-chicken-duck-400g,0.79,
50,15509676228995,CALIBRA DOG GF VERVE ADULT SALMÓN Y PAVO CAJA 6X400GR,https://www.mycalibra.es/calibra-dog-verve-gf-adult-salmon-turkey-400g,0.77,
51,15509676294531,CALIBRA DOG GF VERVE ADULT SMALL PATO Y PAVO CAJA 6X200GR,https://www.mycalibra.es/calibra-dog-verve-gf-adult-small-duck-turkey-200g,0.80,
52,15509676327299,CALIBRA DOG GF VERVE ADULT SMALL TERNERA POLLO CAJA 6X200GR,https://www.mycalibra.es/calibra-dog-verve-gf-adult-small-beef-chicken-200g,0.71,
53,15509676392835,CALIBRA DOG GF VERVE JUNIOR PAVO Y CORDERO CAJA 6X400GR,https://www.mycalibra.es/calibra-dog-verve-gf-junior-turkey-lamb-400g,0.80,
54,15509676425603,CALIBRA DOG GF VERVE SENIOR PAVO Y CORDERO CAJA 6X400GR,https://www.mycalibra.es/calibra-dog-verve-gf-senior-turkey-lamb-400g,0.79,
55,15509676523907,CALIBRA DOG LIFE ADULT LARGE BREED CORDERO 12KG,https://www.mycalibra.es/calibra-dog-life-adult-large-breed-lamb,1.00,
56,15509676589443,CALIBRA DOG LIFE ADULT LARGE BREED POLLO,https://www.mycalibra.es/calibra-dog-life-adult-large-breed-chicken,0.92,
57,15509676720515,CALIBRA DOG LIFE ADULT LARGE FRESH TERNERA 12KG,https://www.mycalibra.es/calibra-dog-life-adult-large-fresh-beef,0.86,
58,15509676786051,CALIBRA DOG LIFE ADULT MEDIUM BREED CORDERO,https://www.mycalibra.es/calibra-dog-life-adult-medium-breed-lamb,0.92,
59,15509676949891,CALIBRA DOG LIFE ADULT MEDIUM BREED POLLO,https://www.mycalibra.es/calibra-dog-life-adult-medium-breed-chicken,0.92,
60,15509677146499,CALIBRA DOG LIFE ADULT MEDIUM FRESH TERNERA 12KG,https://www.mycalibra.es/calibra-dog-life-adult-medium-fresh-beef,0.87,
61,15509677310339,CALIBRA DOG LIFE ADULT SMALL BREED CORDERO,https://www.mycalibra.es/calibra-dog-life-adult-small-breed-lamb,0.92,
62,15509677408643,CALIBRA DOG LIFE ADULT SMALL BREED POLLO,https://www.mycalibra.es/calibra-dog-life-adult-small-breed-chicken,0.92,
63,15509677474179,CALIBRA DOG LIFE ADULT SMALL FRESH TERNERA 6KG,https://www.mycalibra.es/calibra-dog-life-adult-small-fresh-beef,0.86,
64,15509677539715,CALIBRA DOG LIFE JUNIOR LARGE BREED CORDERO 12KG,https://www.mycalibra.es/calibra-dog-life-junior-large-breed-lamb,1.00,
65,15509677638019,CALIBRA DOG LIFE JUNIOR LARGE BREED POLLO 12KG,https://www.mycalibra.es/calibra-dog-life-junior-large-breed-chicken,1.00,
66,15509677703555,CALIBRA DOG LIFE JUNIOR LARGE FRESH TERNERA 12KG,https://www.mycalibra.es/calibra-dog-life-junior-large-fresh-beef,0.87,
67,15509677736323,CALIBRA DOG LIFE JUNIOR MEDIUM BREED POLLO,https://www.mycalibra.es/calibra-dog-life-junior-medium-breed-chicken,0.93,
68,15509677834627,CALIBRA DOG LIFE JUNIOR SMALL & MEDIUM FRESH TERNERA 12KG,https://www.mycalibra.es/calibra-dog-life-junior-small-medium-fresh-beef,0.88,
69,15509677932931,"CALIBRA DOG LIFE JUNIOR SMALL BREED POLLO 1,5KG",https://www.mycalibra.es/calibra-dog-life-junior-small-breed-chicken,1.00,
70,15509677965699,CALIBRA DOG LIFE JUNIOR SMALL&MEDIUM BREED CORDERO,https://www.mycalibra.es/calibra-dog-life-junior-small-medium-breed-lamb,0.93,
71,15509678064003,CALIBRA DOG LIFE LATA ADULT CORDERO 6X400GR,https://www.mycalibra.es/calibra-dog-life-adult-lamb-400g,0.75,
72,15509678129539,CALIBRA DOG LIFE LATA ADULT JABALÍ CON ARANDANOS 6X400GR,https://www.mycalibra.es/calibra-dog-life-adult-lamb-400g,0.50,
73,15509678162307,CALIBRA DOG LIFE LATA ADULT PATO Y ARROZ 6X400GR,https://www.mycalibra.es/calibra-dog-life-adult-duck-with-rice-400g,0.73,
74,15509678227843,CALIBRA DOG LIFE LATA ADULT PAVO CON MANZANAS 6X400GR,https://www.mycalibra.es/calibra-dog-life-adult-turkey-with-apples-400g,0.60,
75,15509678293379,CALIBRA DOG LIFE LATA ADULT POLLO Y ARROZ 6X400GR,https://www.mycalibra.es/calibra-dog-life-adult-chicken-with-rice-400g,0.73,
76,15509678326147,CALIBRA DOG LIFE LATA ADULT TERNERA CON ZANAHORÍAS 6X400GR,https://www.mycalibra.es/calibra-dog-life-adult-beef-with-carrots-400g,0.53,
77,15509678391683,CALIBRA DOG LIFE LATA PUPPY&JUNIOR CORDERO Y ARROZ 6X400GR,https://www.mycalibra.es/calibra-dog-life-puppy-junior-lamb-rice-400g,0.80,
78,15509678457219,CALIBRA DOG LIFE LATA PUPPY&JUNIOR POLLO Y ARROZ 6X400GR,https://www.mycalibra.es/calibra-dog-life-puppy-junior-chicken-rice-400g,0.80,
79,15509678522755,CALIBRA DOG LIFE LATA SENSITIVE CONEJO 6X400GR,https://www.mycalibra.es/calibra-dog-life-sensitive-rabbit-400g,0.75,
80,15509678555523,CALIBRA DOG LIFE LATA SENSITIVE SALMON Y ARROZ 6X400GR,https://www.mycalibra.es/calibra-dog-life-sensitive-salmon-with-rice-400g,0.71,
81,15509678653827,CALIBRA DOG LIFE SENIOR LARGE FRESH TERNERA 12KG,https://www.mycalibra.es/calibra-dog-life-senior-large-fresh-beef,0.86,
82,15509678686595,CALIBRA DOG LIFE SENIOR MEDIUM & LARGE POLLO,https://www.mycalibra.es/calibra-dog-life-senior-medium-large-chicken,0.92,
83,15509678784899,CALIBRA DOG LIFE SENIOR MEDIUM FRESH TERNERA 12KG,https://www.mycalibra.es/calibra-dog-life-senior-medium-fresh-beef,0.87,
84,15509678850435,"CALIBRA DOG LIFE SENIOR SMALL BREED CORDERO 1,5KG",https://www.mycalibra.es/calibra-dog-life-senior-small-breed-lamb,1.00,
85,15509678948739,CALIBRA DOG LIFE SENIOR SMALL FRESH TERNERA,https://www.mycalibra.es/calibra-dog-life-senior-small-fresh-beef,0.79,
86,15509679014275,CALIBRA DOG LIFE STARTER & PUPPY CORDERO,https://www.mycalibra.es/calibra-dog-life-starter-puppy-lamb,0.92,
87,15509679112579,CALIBRA DOG LIFE STARTER & PUPPY FRESH TERNERA 12KG,https://www.mycalibra.es/calibra-dog-life-starter-puppy-fresh-beef,0.87,
88,15509679243651,CALIBRA DOG LIFE POUCH ADULT POLLO 10X150G,https://www.mycalibra.es/calibra-dog-life-adult-large-breed-chicken,0.64,
89,15509679178115,CALIBRA DOG LIFE POUCH ADULT TERNERA 10X150G,https://www.mycalibra.es/calibra-dog-life-adult-beef-with-carrots-400g,0.56,
90,15509679309187,CALIBRA DOG LIFE POUCH PUPPY&JUNIOR BEEF 10X150G,https://www.mycalibra.es/calibra-dog-life-junior-large-fresh-beef,0.69,
91,15509679374723,CALIBRA DOG LIFE POUCH PUPPY&JUNIOR POLLO 10X150G,https://www.mycalibra.es/calibra-dog-life-junior-large-breed-chicken,0.67,
92,15509679407491,CALIBRA DOG PREMIUM CON CORDERO Y POLLO LATA 12X1240G,https://www.mycalibra.es/calibra-dog-premium-can-with-lamb-chicken-1240g,0.62,
93,15509679538563,CALIBRA DOG PREMIUM CON VACUNO JELLY LATA 12X1240G,https://www.mycalibra.es/calibra-dog-premium-line-adult-12-kg-new,0.33,REVISAR
94,15509679735171,CALIBRA DOG PREMIUM LINE ADULT LARGE POLLO,https://www.mycalibra.es/calibra-dog-premium-line-adult-large-12-kg-new,0.73,
95,15509679833475,CALIBRA DOG PREMIUM LINE ADULT POLLO,https://www.mycalibra.es/calibra-dog-premium-line-adult-12-kg-new,0.70,
96,15509679964547,CALIBRA DOG PREMIUM LINE ADULT SENSITIVE CORDERO,https://www.mycalibra.es/calibra-dog-premium-line-adult-12-kg-new,0.58,
97,15509680128387,CALIBRA DOG PREMIUM LINE ADULT TERNERA,https://www.mycalibra.es/calibra-dog-premium-line-adult-beef-12-kg-new,0.75,
98,15509680161155,CALIBRA DOG PREMIUM LINE JUNIOR LARGE POLLO 12KG,https://www.mycalibra.es/calibra-dog-premium-line-junior-large-12-kg-new,0.69,
99,15509680193923,CALIBRA DOG PREMIUM LINE PUPPY JUNIOR POLLO,https://www.mycalibra.es/calibra-dog-premium-line-puppy-junior-12-kg-new,0.73,
100,15509680357763,CALIBRA DOG PREMIUM LINE SENIOR LIGHT POLLO,https://www.mycalibra.es/calibra-dog-premium-line-senior-light-12-kg-new,0.75,
101,15509680554371,CALIBRA DOG VERVE SNACK SEMIHÚMEDO ARENQUE FRESCO 150G,https://www.mycalibra.es/calibra-dog-verve-crunchy-snack-fresh-salmon-150g,0.50,
102,15509680587139,CALIBRA DOG VERVE CRUNCHY SNACK INSECTOS Y CORDERO FRES 150G,https://www.mycalibra.es/calibra-dog-verve-crunchy-snack-insect-fresh-lamb-150g,0.69,
103,15509680619907,CALIBRA DOG VERVE CRUNCHY SNACK INSECTOS Y SALMÓN FRESC 150G,https://www.mycalibra.es/calibra-dog-verve-crunchy-snack-fresh-salmon-150g,0.73,
104,15509680718211,CALIBRA DOG VERVE CRUNCHY SNACK PATO FRESCO 150G,https://www.mycalibra.es/calibra-dog-verve-crunchy-snack-fresh-duck-150g,0.82,
105,15509680783747,CALIBRA DOG VERVE CRUNCHY SNACK SALMÓN FRESCO 150G,https://www.mycalibra.es/calibra-dog-verve-crunchy-snack-fresh-salmon-150g,0.80,
106,15509680816515,CALIBRA DOG VERVE SNACK SEMIHÚMEDO PATO FRESCO 150G,https://www.mycalibra.es/calibra-dog-verve-crunchy-snack-fresh-duck-150g,0.67,
107,15509680849283,CALIBRA DOG VERVE SNACK SEMIHÚMEDO POLLO FRESCO 150G,https://www.mycalibra.es/calibra-dog-verve-semi-moist-snack-fresh-chicken-150g,0.62,
108,15509680947587,CALIBRA DOG6 PREMIUM CON POLLO Y VACUNO LATA 12X1240G,https://www.mycalibra.es/calibra-cat-premium-adult-duck-chicken-100g,0.20,REVISAR
109,15509681013123,CALIBRA EAZZY ARENA GATO FINE 10KG,https://www.mycalibra.es/calibra-eazzy-cat-fine-10kg,0.86,
110,15509681045891,CALIBRA EAZZY ARENA GATO ULTRA FINE 10KG,https://www.mycalibra.es/calibra-eazzy-cat-ultra-fine-10kg,0.88,
111,15509681078659,CALIBRA JOY CAT CLASSIC STICKS SALMON 70GR,https://www.mycalibra.es/calibra-cat-premium-kitten-salmon-100g,0.33,REVISAR
112,15509681176963,CALIBRA JOY CAT CLASSIC STRIPS PESCADO 70GR,https://www.mycalibra.es/calibra-cat-verve,0.30,REVISAR
113,15509681209731,CALIBRA JOY DOG CHEWY HUESO S TRIPA Y CALABAZA +40UDS 900G,https://www.mycalibra.es/calibra-joy-dog-classic-dental-brushes-85g-new,0.29,REVISAR
114,15509681242499,CALIBRA JOY DOG CHEWY HUESO S VACUNO Y YUCCA +40UDS 1KG,https://www.mycalibra.es/calibra-joy-dog-classic-dental-brushes-85g-new,0.29,REVISAR
115,15509681308035,CALIBRA JOY DOG CHEWY HUESO VACUNO Y CALABAZA 30UDS 720GR,https://www.mycalibra.es/calibra-joy-dog-classic-dental-brushes-85g-new,0.29,REVISAR
116,15509681373571,CALIBRA JOY DOG CHEWY HUESO VACUNO Y YUCCA 30UDS 850GR,https://www.mycalibra.es/calibra-joy-dog-classic-dental-brushes-85g-new,0.29,REVISAR
117,15509681406339,CALIBRA JOY DOG CHEWY STICKS VACUNO Y ARANDANO 50UDS 700GR,https://www.mycalibra.es/calibra-joy-dog-classic-salmon-sticks-80g-new,0.38,REVISAR
118,15509681439107,CALIBRA JOY DOG CHEWY STICKS VACUNO Y SPIRULINA 50UDS 700GR,https://www.mycalibra.es/calibra-joy-dog-classic-salmon-sticks-80g-new,0.38,REVISAR
119,15509681504643,CALIBRA JOY DOG CLASSIC AROS POLLO 80GR,https://www.mycalibra.es/calibra-joy-dog-classic-chicken-bits-new,0.64,
120,15509681537411,CALIBRA JOY DOG CLASSIC BACALAO POLLO SUSHI 80GR,https://www.mycalibra.es/calibra-joy-dog-classic-cod-chicken-sushi-80g-new,0.67,
121,15509681701251,CALIBRA JOY DOG CLASSIC DENTAL BRUSHES 85GR,https://www.mycalibra.es/calibra-joy-dog-classic-dental-brushes-85g-new,0.78,
122,15509681766787,CALIBRA JOY DOG CLASSIC LARGE FILLET CORDERO 80GR,https://www.mycalibra.es/calibra-joy-dog-classic-large-lamb-fillets-80g-new,0.67,
123,15509682061699,CALIBRA JOY DOG CLASSIC SANDWICH PESCADO POLLO,https://www.mycalibra.es/calibra-joy-dog-classic-fish-chicken-sandwich,0.91,
124,15509682160003,CALIBRA JOY DOG CLASSIC SLICE PESCADO POLLO 80GR,https://www.mycalibra.es/calibra-joy-dog-classic-fish-chicken-slice-80g-new,0.83,
125,15509682192771,CALIBRA JOY DOG CLASSIC STICKS SALMON,https://www.mycalibra.es/calibra-joy-dog-classic-salmon-sticks-80g-new,0.88,
126,15509682291075,CALIBRA JOY DOG CLASSIC STICKS TERNERA,https://www.mycalibra.es/calibra-joy-dog-classic-beef-sticks,0.73,
127,15509682389379,CALIBRA JOY DOG CLASSIC STRIPS CORDERO,https://www.mycalibra.es/calibra-joy-dog-classic-lamb-strips,0.89,
128,15509682454915,CALIBRA JOY DOG CLASSIC STRIPS PATO,https://www.mycalibra.es/calibra-joy-dog-classic-duck-strips-80g-new,0.89,
129,15509682553219,CALIBRA JOY DOG MINI DADOS SALMON 70GR,https://www.mycalibra.es/calibra-joy-dog-mini-salmon-cube-70g-new,0.67,
130,15509682585987,CALIBRA JOY DOG MINI SANDWICH BACALAO PATO 70GR,https://www.mycalibra.es/calibra-joy-dog-mini-duck-cod-sandwich-70g-new,0.71,
131,15509682651523,CALIBRA JOY DOG MINI SANDWICH BACALAO POLLO 70GR,https://www.mycalibra.es/calibra-joy-dog-mini-chicken-cod-sandwich-70g-new,0.71,
132,15509682684291,CALIBRA JOY DOG TRAINING M&L PATO Y POLLO 300G,https://www.mycalibra.es/calibra-joy-dog-training-m-l-duck-chicken-300g,1.00,
133,15509682749827,CALIBRA JOY DOG TRAINING M&L VENADO Y PATO 300G,https://www.mycalibra.es/calibra-joy-dog-training-m-l-venison-duck-300g,1.00,
134,15509682782595,CALIBRA JOY DOG TRAINING PUPPY&ADULT S POLLO 150G,https://www.mycalibra.es/calibra-joy-dog-training-puppy-adult-s-chicken-150g,1.00,
135,15509682848131,CALIBRA JOY DOG TRAINING PUPPY&ADULT S SALMON 150GR,https://www.mycalibra.es/calibra-joy-dog-training-sensitive-puppy-adult-s-salmon-150g,0.73,
136,15509682946435,CALIBRA JOY DOG TRAINING S&M SALMON&INSECT 150GR,https://www.mycalibra.es/calibra-joy-dog-training-s-m-salmon-insect-150g,0.78,
137,15509682880899,CALIBRA JOY DOG TRAINING S&M TERNERA 150GR,https://www.mycalibra.es/calibra-joy-dog-training-s-m-beef-150g,0.64,
138,15509682979203,CALIBRA ROCKETS CHINCHILLAS Y DEGÚS 900G,https://www.mycalibra.es/calibra-rockets,0.25,REVISAR
139,15509683044739,CALIBRA ROCKETS COBAYAS 900G,https://www.mycalibra.es/calibra-rockets,0.33,REVISAR
140,15509683143043,CALIBRA ROCKETS CONEJOS 900G,https://www.mycalibra.es/calibra-rockets,0.33,REVISAR
141,15509683175811,CALIBRA ROCKETS HAMSTER Y PEQUEÑOS ROEDORES 900G,https://www.mycalibra.es/calibra-rockets,0.20,REVISAR
142,15509683241347,CALIBRA ROCKETS STICKS CONEJO - ROEDOR - FRUTA SILVESTRE 120G,https://www.mycalibra.es/calibra-cat-life-sensitive-rabbit-200g,0.12,REVISAR
143,15509683274115,CALIBRA ROCKETS STICKS CONEJO - ROEDOR - FRUTAS 120G,https://www.mycalibra.es/calibra-rockets,0.14,REVISAR
144,15509683405187,CALIBRA ROCKETS STICKS CONEJOS Y ROEDORES - VERDURAS 120G,https://www.mycalibra.es/calibra-rockets,0.17,REVISAR
145,15509683470723,CALIBRA ROCKETS STICKS ROEDORES - NUEZ Y COCO 120G,https://www.mycalibra.es/calibra-rockets,0.17,REVISAR
146,15509683569027,CALIBRA ROCKETS STICKS ROEDORES - VERDURAS Y NUECES 120G,https://www.mycalibra.es/calibra-rockets,0.17,REVISAR
